{
  "features": [
    {
      "attributes": {
        "OBJECTID_1": 8,
        "LAN_ew_GEN": "Baden-Württemberg",
        "LAN_ew_BEZ": "Land",
        "LAN_ew_EWZ": 11100394,
        "Fallzahl": 501040,
        "cases7_bl": 569,
        "faelle_100000_EW": 4513.71365737108,
        "Death": 10282,
        "death7_bl": 0,
        "cases7_bl_per_100k": 5.12594417819764,
        "Aktualisierung": 1625522400000
      }
    }
  ]
}